Name,Price in Rupees
Net10 LG K31 Rebel 4G LTE Prepaid Smartphone (Locked) - Black - 32GB - Sim Card Included - CDMA,$39.99
TracFone LG K31 Rebel 4G LTE Prepaid Smartphone (Locked) - Black - 32GB - Sim Card Included - CDMA,$43.50
TracFone Blu View 2 4G LTE Prepaid Smartphone (Locked) - Black - 32GB - Sim Card Included - CDMA,$49.99
Simple Mobile Blu View 2 4G LTE Prepaid Smartphone (Locked) - Black - 32GB - Sim Card Included - GSM,$29.88
Tracfone TCL A1 4G LTE Prepaid Smartphone - Black - 16GB - Sim Card Included - CDMA (Renewed),$29.99
Total Wireless LG K31 Rebel 4G LTE Prepaid Smartphone (Locked) - Black - 32GB - Sim Card Included - CDMA,$36.24
total wireless Motorola Moto E6 4G LTE Prepaid Smartphone (Locked) - Black - 32GB - Sim Card Included - CDMA - Fustration Free Packaging,$39.99
"ZTE VZW-Z839PP Blade Vantage 5 16GB 1.1GHz 2GB Prepaid LTE Verizon Smartphone, Black, Carrier Locked to Verizon Prepaid",$39.99
Total Wireless TCL A2 4G LTE Prepaid Smartphone (Locked) - Black - 32GB - Sim Card Included - CDMA,$49.98
Simple Mobile TCL A2 4G LTE Prepaid Smartphone (Locked) - Black - 32GB - Sim Card Included - GSM,$44.16
Alcatel OneTouch Ideal 4G LTE AT&T GSM Unlocked 4060A Android 5MP 8GB Smartphone - Black,$45.48
Simple Mobile TCL A1 4G LTE Prepaid Smartphone (Locked) - Black - 16GB - Sim Card Included - GSM,$49.99
"Mini Smartphone,Ultra-thin Child Phone with Touch Screen,Dual SIM Slot,HD Mini Phones Mobile Cell Phone,Bluetooth Mini Mobile Phones Support Most Mobile Phone Functions Fits for Studens",$44.95
"Motorola Moto E 2nd Generation XT1527 4.5"" Unlocked GSM Quad-Core Smartphone - Black",$26.09
Tracfone Blu View 1 4G LTE Prepaid Smartphone (Locked) - Black - 16GB - Sim Card Included - CDMA,$49.99
"ZTE Z3153V Blade Vantage 2 5.4"" Smartphone, 16 GB Storage, 2 GB RAM, 2 MP Front 5 MP Rear, Android 9 Pie, Verizon, Black",$34.95
"TracFone TCL A2 4G LTE Prepaid Smartphone (Locked) - Black - 32GB - Sim Card Included - CDMA, TFALA507DCP",$49.99
TracFone ZTE Majesty Pro 4G LTE Prepaid Smartphone,$49.00
Total Wireless Blu View 2 4G LTE Prepaid Smartphone (Locked) - Black - 32GB - Sim Card Included - CDMA,$29.99
TracFone ZTE ZFive2 4G LTE Prepaid Smartphone,$49.99
PRIV by BlackBerry Unlocked Smartphone – Black (U.S. Warranty),$49.29
